1,Ashok Leyland - Stile,2
2,Aston Martin - DBS,3
3,Aston Martin - Rapide,3
4,Aston Martin - V12 Vantage,3
5,Aston Martin -  Vanquish,3
6,Aston Martin - V8 Vantage,3
7,Audi - A3,4
8,Audi - A4,4
9,Audi - A6,4
10,Audi - A7,4
11,Audi - A8 L,4
12,Audi - Q3,4
13,Audi - Q5,4
14,Audi - Q7,4
15,Audi - R8,4
16,Audi - RS 5,4
17,Audi - S8,4
18,Audi - TT,4
19,Bentley - Arnage,5
20,Bentley - Azure,5
21,Bentley - Continental Flying Spur,5
22,Bentley - Continental GT,5
23,Bentley - Continental GTC,5
24,Bentley - Continental Super Sports,5
25,Bentley - Mulsanne,5
26,BMW - 3 - Series,6
27,BMW - 5 - Series,6
28,BMW - 5 - Series GT,6
29,BMW - 6 - Series,6
30,BMW - 7 - Series,6
31,BMW - M3,6
32,BMW - M5,6
33,BMW - M6,6
34,BMW - X1,6
35,BMW - X3,6
36,BMW - X5,6
37,BMW - X6,6
38,BMW - Z3,6
39,BMW - Z4,6
40,Bugatti - Veyron,7
41,Caterham - 7,8
42,Chevrolet - Aveo Old,9
43,Chevrolet - Aveo U-VA,9
44,Chevrolet - Aveo,9
45,Chevrolet - Beat,9
46,Chevrolet - Captiva,9
47,Chevrolet - Corvette,9
48,Chevrolet - Cruze,9
49,Chevrolet - Fleetline,9
50,Chevrolet - Forester,9
51,Chevrolet - Impala,9
52,Chevrolet - Optra Magnum,9
53,Chevrolet - Optra SRV,9
54,Chevrolet - Optra,9
55,Chevrolet - Sail,9
56,Chevrolet - Sail U-VA,9
57,Chevrolet - Silverado,9
58,Chevrolet - Spark,9
59,Chevrolet - SRV,9
60,Chevrolet - Tavera,9
61,Chevrolet - Trailblazer,9
62,Chevrolet - U-VA,9
63,Daewoo - Cielo,10
64,Daewoo - Nexia,10
65,Datsun - GO,11
66,Datsun - Redi GO,11
67,Ferrari - 360,12
68,Ferrari - 458 Italia,12
69,Ferrari - 575 Superamerica,12
70,Ferrari - 599 GTB Fiorano,12
71,Ferrari - 612,12
72,Ferrari - California,12
73,Ferrari - F430,12
74,Ferrari - FF,12
75,Fiat - 1100,13
76,Fiat - 500,13
77,Fiat - Adventure,13
78,Fiat - Fiat NE,13
79,Fiat - Fiat Uno,13
80,Fiat - Grande Punto,13
81,Fiat - Linea,13
82,Fiat - Milicento,13
84,Fiat - Palio D,13
85,Fiat - Palio NV,13
86,Fiat - Palio Stile,13
87,Fiat - Palio,13
88,Fiat - Petra,13
89,Fiat - Petra D,13
90,Fiat - Siena,13
91,Fiat - Siena Weekend,13
92,Fiat - Uno,13
93,Force Motors - Force One,14
94,Force Motors - Gurkha,14
95,Ford Aspire,15
96,Ford - Capri,15
97,Ford - Classic,15
98,Ford - Endeavour,15
99,Ford - Escort,15
100,Ford - Fiesta,15
101,Ford - Fiesta Classic,15
102,Ford - Figo,15
103,Ford - Freestyle,15
104,Ford - Fusion,15
105,Ford - Ikon,15
106,Ford - Model T,15
107,Ford - Mondeo,15
108,Ford - Siena,15
109,Ford - Zephyr,15
110,Hindustan Motors - Ambassador,16
111,Hindustan Motors - Contessa,16
112,Honda - Accord,17
113,Honda - Brio,17
114,Honda - City,17
115,Honda - City Old,17
116,Honda - City ZX,17
117,Honda - Civic,17
118,Honda - Civic Hybrid,17
119,Honda - Concerto,17
120,Honda - CR-V,17
121,Honda - CR-V Old,17
122,Honda - CR-X,17
123,Honda - Jazz,17
124,Honda - Mobilio,17
125,Honda - Step WGN,17
126,Honda - BR-V,17
127,Honda - WR-V,17
128,Hyundai - Accent,18
129,Hyundai - Aura,18
130,Hyundai - Creta,18
131,Hyundai - Elantra,18
132,Hyundai - Eon,18
133,Hyundai - Getz,18
134,Hyundai - Getz Prime,18
135,Hyundai - i10,18
136,Hyundai - i20,18
137,Hyundai - New Elantra,18
138,Hyundai - Santa Fe,18
139,Hyundai - Santro,18
140,Hyundai - Santro Xing,18
141,Hyundai Sonata,18
142,Hyundai - Sonata Embera,18
143,Hyundai - Sonata Old,18
144,Hyundai - Sonata Transform,18
145,Hyundai - Terracan,18
146,Hyundai - Tucson,18
147,Hyundai - Verna,18
148,Hyundai - Xcent,18
149,ICML - Rhino Rx,19
150,Isuzu - MU 7,20
151,Jaguar - XF,21
152,Jaguar - XJL,21
153,Jaguar - XK,21
154,Jeep - Compass,22
155,Kia - Seltos,23
156,Lamborghini - Aventador,24
157,Lamborghini - Gallardo,24
158,Lamborghini - Murcielago,24
159,Land Rover - Defender,25
160,Land Rover - Discovery 3,25
161,Land Rover - Discovery 4,25
162,Land Rover - Free Lander 2,25
163,Land Rover - Range Rover,25
164,Land Rover - Range Rover Evoque,25
165,Land Rover - Range Rover Sport,25
166,Lexus - ES,26
167,Lexus - GS,26
168,Lexus - LC,26
169,Lexus - LS,26
170,Lexus - LX,26
171,Lexus - NX,26
172,Lexus - RC,26
173,Lexus - RX,26
174,Mahindra - Armada,27
175,Mahindra - Armada,27
176,Mahindra - Bolero,27
177,Mahindra - e2o,27
178,Mahindra - e2o Plus,27
179,Mahindra - Jeep,27
180,Mahindra - KUV 100,27
181,Mahindra - Logan,27
182,Mahindra - Marazzo,27
183,Mahindra - Marshal,27
184,Mahindra - NuvoSport,27
185,Mahindra - Quanto,27
186,Mahindra - REVAi,27
187,Mahindra - Scorpio,27
188,Mahindra - Scorpio Old,27
189,Mahindra - Thar,27
190,Mahindra - TUV 300,27
191,Mahindra - Verito,27
192,Mahindra - Voyeger,27
193,Mahindra - XUV 300,27
194,Mahindra - XUV 500,27
195,Mahindra - Xylo,27
196,Maruti Suzuki - 1000,28
197,Maruti Suzuki - 800,28
198,Maruti Suzuki - A - Star,28
199,Maruti Suzuki - Alto,28
200,Maruti Suzuki - Alto 800,28
201,Maruti Suzuki - Alto 801,28
202,Maruti Suzuki - Alto 802,28
203,Maruti Suzuki - Alto 803,28
204,Maruti Suzuki - Alto 804,28
205,Maruti Suzuki - Alto 805,28
206,Maruti Suzuki - Alto 806,28
207,Maruti Suzuki - Baleno,28
208,Maruti Suzuki - Ciaz,28
209,Maruti Suzuki - Eeco,28
210,Maruti Suzuki - Ertiga,28
211,Maruti Suzuki - Esteem,28
212,Maruti Suzuki - Grand Vitara,28
213,Maruti Suzuki - Gypsy,28
214,Maruti Suzuki - Ignis,28
215,Maruti Suzuki - Kizashi,28
216,Maruti Suzuki - Omni,28
217,Maruti Suzuki - Ritz,28
218,Maruti Suzuki - S-CROSS,28
219,Maruti Suzuki - Swift,28
220,Maruti Suzuki - Swift Dezire,28
221,Maruti Suzuki - Swift Dezire Old,28
222,Maruti Suzuki - Swift Old,28
223,Maruti Suzuki - SX 4,28
224,Maruti Suzuki - Versa,28
225,Maruti Suzuki - Vitara Brezza,28
226,Maruti Suzuki - Wagon R 1.0,28
227,Maruti Suzuki - Wagon R 1.1,28
228,Maruti Suzuki - Wagon R 1.10,28
229,Maruti Suzuki - Wagon R 1.2,28
230,Maruti Suzuki - Wagon R 1.3,28
231,Maruti Suzuki - Wagon R 1.4,28
232,Maruti Suzuki - Wagon R 1.5,28
233,Maruti Suzuki - Wagon R 1.6,28
234,Maruti Suzuki - Wagon R 1.7,28
235,Maruti Suzuki - Wagon R 1.8,28
236,Maruti Suzuki - Wagon R 1.9,28
237,Maruti Suzuki - Wagon R Duo,28
238,Maruti Suzuki - Wagon R,28
239,Maruti Suzuki - Zen,28
240,Maruti Suzuki - Zen Estilo,28
241,Maserati - GranCabrio,29
242,Maserati - GranTurismo,29
243,Maserati - Quattroporte,29
244,Mercedes Benz - MB - Class,30
245,Mercedes Benz - Viano,30
246,Mercedes Benz - 190,30
247,Mercedes Benz - B - Class,30
248,Mercedes Benz - C - Class,30
249,Mercedes Benz - CL,30
250,Mercedes Benz - CLK,30
251,Mercedes Benz - CLS,30
252,Mercedes Benz - E - Class,30
253,Mercedes Benz - G - Class,30
254,Mercedes Benz - GL,30
255,Mercedes Benz - M - Class,30
256,Mercedes Benz - Maybach 62,30
257,Mercedes Benz - R,30
258,Mercedes Benz - R - Class,30
259,Mercedes Benz - S - Class,30
260,Mercedes Benz - SDL,30
261,Mercedes Benz - SL,30
262,Mercedes Benz - SLK - Class,30
263,Mercedes Benz - SLS,30
264,MG Hector,31
265,Mini - Convertible,32
267,Mini - Cooper,32
268,Mini - Countryman,32
269,Mini - S,32
270,Mitsubishi - Cedia,33
271,Mitsubishi - Challenger,33
272,Mitsubishi - FTO,33
273,Mitsubishi - Galant,33
274,Mitsubishi - GTO,33
275,Mitsubishi - Lancer,33
276,Mitsubishi - Lancer Evolution,33
277,Mitsubishi - Montero,33
278,Mitsubishi -  Montero Old,33
279,Mitsubishi - Outlander,33
280,Mitsubishi - Pajero,33
281,Mitsubishi - Pajero Sport,33
282,Nissan - 350Z,34
283,Nissan - 370Z,34
284,Nissan - Bluebird,34
285,Nissan - Cedric,34
286,Nissan - Cima,34
287,Nissan - Evalia,34
288,Nissan - Fairlady 300ZX,34
289,Gloria,34
290,Nissan - GT-R,34
291,Nissan - Infiniti,34
292,Nissan - Jonga,34
293,Nissan - Laurel,34
294,Nissan - Micra,34
295,Nissan - Serena,34
296,Nissan - Sunny,34
297,Nissan - Teana,34
298,Nissan - X - Trail,34
299,Opel - Astra,35
300,Opel - Swing,35
301,Opel - Vectra,35
302,Porsche - 911,36
303,Porsche - 911 Cabriolet,36
304,Porsche - 911 Carrera Coupe,36
305,Porsche - Boxster,36
306,Porsche - Carrera GT,36
307,Porsche - Cayenne,36
308,Porsche - Cayman,36
309,Porsche - Panamera,36
310,Premier - 118 NE,37
311,Premier - 138 D,37
312,Premier - Padmini,37
313,Premier - Rio,37
314,Renault - Duster,38
315,Renault - Fluence,38
316,Renault - Koleos,38
317,Renault - Kwid,38
318,Renault - Lodgy,38
319,Renault - Pulse,38
320,Renault - Scala,38
321,Renault - Captur,38
322,Renault - Triber,38
323,Rolls Royce - Ghost,39
324,Rolls Royce - Phantom,39
325,Rolls Royce - Phantom Coupe,39
326,Rolls Royce - Phantom Drophead Coupe,39
327,Skoda - Fabia,40
328,Skoda - Laura,40
329,Skoda - Laura Old,40
330,Skoda - Octavia Combi,40
331,Skoda - Rapid,40
332,Skoda - Superb,40
333,Skoda - Superb Old,40
334,Skoda - Yeti,40
335,Skoda - Aligence,40
336,Skoda - Laura,40
337,Skoda - Octavia,40
338,Sonalika - Rhino,41
339,Ssangyong - Rexton,42
340,Tata - Aria,43
341,Tata - Bolt,43
342,Tata - Estate,43
343,Tata - Harrier,43
344,Tata - Hexa,43
345,Tata - Indica,43
346,Tata - Indica V2,43
347,Tata - Indica V2 Turbo,43
348,Tata - Indica V2 Xeta,43
349,Tata - Indica Vista,43
350,Tata - Indicab,43
351,Tata - Indigo,43
352,Tata - Indigo CS,43
353,Tata - Indica eV2,43
354,Tata - Indigo eCS,43
355,Tata - Indigo Manza,43
356,Tata - Indigo Marina,43
357,Tata - Indigo XL,43
358,Tata - Manza,43
359,Tata - Marina,43
360,Tata - Nano,43
361,Tata - Nexon,43
362,Tata - Safari,43
363,Tata - Safari Storme,43
364,Tata - Sierra,43
365,Tata - Sumo,43
366,Tata - Sumo Gold,43
367,Tata - Sumo Grande,43
368,Tata - Sumo Grande MK II,43
369,Tata - Sumo Victa,43
370,Tata - Tiago,43
371,Tata - Tigor,43
372,Tata - TL,43
373,Tata - Venture,43
374,Tata - Winger,43
375,Tata - Xenon XT,43
376,Tata - Zest,43
377,Toyota - Camry,44
378,Toyota - Corolla,44
379,Toyota - Corolla Altis,44
380,Toyota - Etios,44
381,Toyota - Etios Cross,44
382,Toyota - Etios Liva,44
383,Toyota - Fortuner,44
384,Toyota - Fortuner TRD,44
385,Toyota - Glanza,44
386,Toyota - Innova,44
387,Toyota - Innova Crysta,44
388,Toyota - Innova Crysta LeadershipEdition,44
389,Toyota - Innova Touring Sport,44
390,Toyota - Land Cruiser,44
391,Toyota - Land Cruiser Prado,44
392,Toyota - New Camry,44
393,Toyota - Prius,44
394,Toyota - Qualis,44
395,Toyota - Urban Cruiser,44
396,Toyota - Vellfire,44
397,Toyota - Yaris,44
398,Volkswagen - Ameo,45
399,Volkswagen - Polo Cross,45
400,Volkswagen - 1600,45
401,Volkswagen - Beetle,45
402,Volkswagen - Caravelle,45
403,Volkswagen - Jetta,45
404,Volkswagen - Passat,45
405,Volkswagen - Phaeton,45
406,Volkswagen - Polo,45
407,Volkswagen - Touareg,45
408,Volkswagen - Vento,45
409,Volvo - S60,46
410,Volvo - S80,46
411,Volvo - S960,46
412,Volvo - V70,46
413,Volvo - XC60,46
414,Volvo - XC90,46
